geo_accession,sample,assigned_state,tested_marker_set,n_cells,mean_marker_set_score
GSM8546881,GBM006,MCG5,MCG1,43,0.9043508776794635
GSM8546881,GBM006,MCG5,MCG2,43,1.1339771694467717
GSM8546881,GBM006,MCG5,MCG3,43,0.6278923750330545
GSM8546881,GBM006,MCG5,MCG4,43,1.147245520946049
GSM8546881,GBM006,MCG5,MCG5,43,1.8621027623872597
GSM8546881,GBM006,MCG5,MAC1,43,0.6262371363494819
GSM8546881,GBM006,MCG5,MAC2,43,1.2101673743349595
GSM8546881,GBM006,MCG5,E-MDSC,43,1.1686497185595686
GSM8546881,GBM006,MCG5,M-MDSC,43,0.6900944936220036
GSM8546881,GBM006,MAC2,MCG1,111,1.4747690073976394
GSM8546881,GBM006,MAC2,MCG2,111,1.5601819582151362
GSM8546881,GBM006,MAC2,MCG3,111,0.5558877196697315
GSM8546881,GBM006,MAC2,MCG4,111,1.2867977471122538
GSM8546881,GBM006,MAC2,MCG5,111,1.2848780583343216
GSM8546881,GBM006,MAC2,MAC1,111,0.9058431726813897
GSM8546881,GBM006,MAC2,MAC2,111,2.109700497948879
GSM8546881,GBM006,MAC2,E-MDSC,111,0.9212123991663616
GSM8546881,GBM006,MAC2,M-MDSC,111,1.0299439693485295
GSM8546881,GBM006,E-MDSC,MCG1,89,0.4839859713967181
GSM8546881,GBM006,E-MDSC,MCG2,89,0.49731584235843634
GSM8546881,GBM006,E-MDSC,MCG3,89,-0.02587669695672968
GSM8546881,GBM006,E-MDSC,MCG4,89,0.39297086332504594
GSM8546881,GBM006,E-MDSC,MCG5,89,0.8745784101387615
GSM8546881,GBM006,E-MDSC,MAC1,89,0.0989039521126677
GSM8546881,GBM006,E-MDSC,MAC2,89,0.5776779714283571
GSM8546881,GBM006,E-MDSC,E-MDSC,89,1.6286342575629618
GSM8546881,GBM006,E-MDSC,M-MDSC,89,0.8893826464213682
GSM8546881,GBM006,M-MDSC,MCG1,34,0.5903989960165585
GSM8546881,GBM006,M-MDSC,MCG2,34,0.6563059279298
GSM8546881,GBM006,M-MDSC,MCG3,34,-0.14929931353281953
GSM8546881,GBM006,M-MDSC,MCG4,34,0.5318694249160864
GSM8546881,GBM006,M-MDSC,MCG5,34,0.7347656961049186
GSM8546881,GBM006,M-MDSC,MAC1,34,0.06405454067622914
GSM8546881,GBM006,M-MDSC,MAC2,34,1.0243266805469637
GSM8546881,GBM006,M-MDSC,E-MDSC,34,1.3085943701319767
GSM8546881,GBM006,M-MDSC,M-MDSC,34,1.7968834784451655
GSM8546882,GBM009,MCG2,MCG1,120,1.3481050893011546
GSM8546882,GBM009,MCG2,MCG2,120,1.8532837206791821
GSM8546882,GBM009,MCG2,MCG3,120,0.8268323771141193
GSM8546882,GBM009,MCG2,MCG4,120,0.9883679228807107
GSM8546882,GBM009,MCG2,MCG5,120,0.9770099846257655
GSM8546882,GBM009,MCG2,MAC1,120,0.6457526574143465
GSM8546882,GBM009,MCG2,MAC2,120,1.1814694599310556
GSM8546882,GBM009,MCG2,E-MDSC,120,0.6516334226840659
GSM8546882,GBM009,MCG2,M-MDSC,120,0.19354930485739855
GSM8546882,GBM009,E-MDSC,MCG1,80,0.7426676771527244
GSM8546882,GBM009,E-MDSC,MCG2,80,0.9093797961517188
GSM8546882,GBM009,E-MDSC,MCG3,80,0.27728967327475545
GSM8546882,GBM009,E-MDSC,MCG4,80,0.47087775993347175
GSM8546882,GBM009,E-MDSC,MCG5,80,0.8916344953567578
GSM8546882,GBM009,E-MDSC,MAC1,80,0.20557861147367434
GSM8546882,GBM009,E-MDSC,MAC2,80,0.5377391409873962
GSM8546882,GBM009,E-MDSC,E-MDSC,80,1.628679643959939
GSM8546882,GBM009,E-MDSC,M-MDSC,80,0.751323377869346
GSM8546883,GBM010,MCG1,MCG1,292,1.7313779475386382
GSM8546883,GBM010,MCG1,MCG2,292,1.5156053010765762
GSM8546883,GBM010,MCG1,MCG3,292,0.7343589345549069
GSM8546883,GBM010,MCG1,MCG4,292,1.1909168368251994
GSM8546883,GBM010,MCG1,MCG5,292,1.0043950710358807
GSM8546883,GBM010,MCG1,MAC1,292,0.8541184864250331
GSM8546883,GBM010,MCG1,MAC2,292,1.3223490220005978
GSM8546883,GBM010,MCG1,E-MDSC,292,0.8845724546214355
GSM8546883,GBM010,MCG1,M-MDSC,292,0.5331685189025043
GSM8546883,GBM010,MCG2,MCG1,352,1.2143985742083439
GSM8546883,GBM010,MCG2,MCG2,352,1.562697353267842
GSM8546883,GBM010,MCG2,MCG3,352,0.677721075504899
GSM8546883,GBM010,MCG2,MCG4,352,1.016656367046874
GSM8546883,GBM010,MCG2,MCG5,352,0.8526569199536621
GSM8546883,GBM010,MCG2,MAC1,352,0.7489084856780388
GSM8546883,GBM010,MCG2,MAC2,352,1.1003930640041766
GSM8546883,GBM010,MCG2,E-MDSC,352,0.7516683595450602
GSM8546883,GBM010,MCG2,M-MDSC,352,0.3947425046089021
GSM8546883,GBM010,MCG3,MCG1,83,0.5973170571495773
GSM8546883,GBM010,MCG3,MCG2,83,0.9705713247332098
GSM8546883,GBM010,MCG3,MCG3,83,1.4673473691004482
GSM8546883,GBM010,MCG3,MCG4,83,1.203031899289611
GSM8546883,GBM010,MCG3,MCG5,83,0.791869422134347
GSM8546883,GBM010,MCG3,MAC1,83,0.6899782866085662
GSM8546883,GBM010,MCG3,MAC2,83,0.7301716069983966
GSM8546883,GBM010,MCG3,E-MDSC,83,0.4724433042337951
GSM8546883,GBM010,MCG3,M-MDSC,83,0.14594196178826946
GSM8546883,GBM010,MCG4,MCG1,48,0.6556999086897015
GSM8546883,GBM010,MCG4,MCG2,48,0.9742349564904188
GSM8546883,GBM010,MCG4,MCG3,48,1.0923549460206807
GSM8546883,GBM010,MCG4,MCG4,48,1.4361992102048513
GSM8546883,GBM010,MCG4,MCG5,48,0.9909236589762832
GSM8546883,GBM010,MCG4,MAC1,48,0.8286331686622651
GSM8546883,GBM010,MCG4,MAC2,48,0.8554749034623228
GSM8546883,GBM010,MCG4,E-MDSC,48,0.6682338443991442
GSM8546883,GBM010,MCG4,M-MDSC,48,0.2987049155433973
GSM8546883,GBM010,MAC2,MCG1,151,1.4226668902667066
GSM8546883,GBM010,MAC2,MCG2,151,1.5940320059322566
GSM8546883,GBM010,MAC2,MCG3,151,0.5462220936390081
GSM8546883,GBM010,MAC2,MCG4,151,1.2930983830903429
GSM8546883,GBM010,MAC2,MCG5,151,0.7200739731573126
GSM8546883,GBM010,MAC2,MAC1,151,0.9241053422565483
GSM8546883,GBM010,MAC2,MAC2,151,2.03108956517595
GSM8546883,GBM010,MAC2,E-MDSC,151,0.9171872070385351
GSM8546883,GBM010,MAC2,M-MDSC,151,0.9214997046514852
GSM8546883,GBM010,E-MDSC,MCG1,41,0.9331699099115122
GSM8546883,GBM010,E-MDSC,MCG2,41,0.9671357038739501
GSM8546883,GBM010,E-MDSC,MCG3,41,0.3060696954137618
GSM8546883,GBM010,E-MDSC,MCG4,41,0.8782502521242751
GSM8546883,GBM010,E-MDSC,MCG5,41,0.9860150759946682
GSM8546883,GBM010,E-MDSC,MAC1,41,0.5275669774263011
GSM8546883,GBM010,E-MDSC,MAC2,41,1.0628367307934006
GSM8546883,GBM010,E-MDSC,E-MDSC,41,1.847809539163106
GSM8546883,GBM010,E-MDSC,M-MDSC,41,1.0658528319800773
GSM8546884,GBM029,MCG1,MCG1,47,1.6856527724454473
GSM8546884,GBM029,MCG1,MCG2,47,1.4457094703652777
GSM8546884,GBM029,MCG1,MCG3,47,0.6064901236044881
GSM8546884,GBM029,MCG1,MCG4,47,0.4164601004044618
GSM8546884,GBM029,MCG1,MCG5,47,0.80506377017409
GSM8546884,GBM029,MCG1,MAC1,47,0.4134712889280505
GSM8546884,GBM029,MCG1,MAC2,47,0.8916237810341662
GSM8546884,GBM029,MCG1,E-MDSC,47,0.8898168765249169
GSM8546884,GBM029,MCG1,M-MDSC,47,0.45372771569783793
GSM8546884,GBM029,MCG2,MCG1,205,1.4084369684146256
GSM8546884,GBM029,MCG2,MCG2,205,1.856103397662159
GSM8546884,GBM029,MCG2,MCG3,205,0.8646243222812972
GSM8546884,GBM029,MCG2,MCG4,205,0.682580029793904
GSM8546884,GBM029,MCG2,MCG5,205,1.0006135706936616
GSM8546884,GBM029,MCG2,MAC1,205,0.5438703504245835
GSM8546884,GBM029,MCG2,MAC2,205,0.9404965692903937
GSM8546884,GBM029,MCG2,E-MDSC,205,0.5433806741226872
GSM8546884,GBM029,MCG2,M-MDSC,205,0.22558879152546085
GSM8546884,GBM029,E-MDSC,MCG1,74,0.7496218792536083
GSM8546884,GBM029,E-MDSC,MCG2,74,0.8680191218892966
GSM8546884,GBM029,E-MDSC,MCG3,74,0.33028042317152734
GSM8546884,GBM029,E-MDSC,MCG4,74,0.3083717618814566
GSM8546884,GBM029,E-MDSC,MCG5,74,0.8127855277077567
GSM8546884,GBM029,E-MDSC,MAC1,74,0.23091330458218567
GSM8546884,GBM029,E-MDSC,MAC2,74,0.5220042946102382
GSM8546884,GBM029,E-MDSC,E-MDSC,74,1.491474036005763
GSM8546884,GBM029,E-MDSC,M-MDSC,74,0.6955195218025778
GSM8546885,GBM030,MCG1,MCG1,828,1.9387117584500253
GSM8546885,GBM030,MCG1,MCG2,828,1.7178738052288498
GSM8546885,GBM030,MCG1,MCG3,828,0.9060963233510333
GSM8546885,GBM030,MCG1,MCG4,828,0.6010005081795232
GSM8546885,GBM030,MCG1,MCG5,828,1.065108621717016
GSM8546885,GBM030,MCG1,MAC1,828,0.784962541597605
GSM8546885,GBM030,MCG1,MAC2,828,1.0676603461086902
GSM8546885,GBM030,MCG1,E-MDSC,828,0.7325464263593694
GSM8546885,GBM030,MCG1,M-MDSC,828,0.40486859565352895
GSM8546885,GBM030,MCG2,MCG1,400,1.630465877304509
GSM8546885,GBM030,MCG2,MCG2,400,1.8263494943472824
GSM8546885,GBM030,MCG2,MCG3,400,0.9397597209672132
GSM8546885,GBM030,MCG2,MCG4,400,0.6045071748850306
GSM8546885,GBM030,MCG2,MCG5,400,1.0745591783982056
GSM8546885,GBM030,MCG2,MAC1,400,0.7879811574319998
GSM8546885,GBM030,MCG2,MAC2,400,0.8860841711739362
GSM8546885,GBM030,MCG2,E-MDSC,400,0.699150658579389
GSM8546885,GBM030,MCG2,M-MDSC,400,0.22654494812678208
GSM8546885,GBM030,E-MDSC,MCG1,172,0.9477697303080499
GSM8546885,GBM030,E-MDSC,MCG2,172,0.7574364516022645
GSM8546885,GBM030,E-MDSC,MCG3,172,0.3090383220257993
GSM8546885,GBM030,E-MDSC,MCG4,172,-0.20735557442387173
GSM8546885,GBM030,E-MDSC,MCG5,172,0.8381010102386908
GSM8546885,GBM030,E-MDSC,MAC1,172,0.2512513021628062
GSM8546885,GBM030,E-MDSC,MAC2,172,0.1542832050987901
GSM8546885,GBM030,E-MDSC,E-MDSC,172,1.6829622736013903
GSM8546885,GBM030,E-MDSC,M-MDSC,172,0.7433957876161087
GSM8546885,GBM030,M-MDSC,MCG1,32,1.2636353829181153
GSM8546885,GBM030,M-MDSC,MCG2,32,0.9912376905199867
GSM8546885,GBM030,M-MDSC,MCG3,32,0.1595222304595841
GSM8546885,GBM030,M-MDSC,MCG4,32,-0.08568573061287879
GSM8546885,GBM030,M-MDSC,MCG5,32,0.7399191936621299
GSM8546885,GBM030,M-MDSC,MAC1,32,0.2361300729215145
GSM8546885,GBM030,M-MDSC,MAC2,32,0.556069643517672
GSM8546885,GBM030,M-MDSC,E-MDSC,32,1.1654051598469923
GSM8546885,GBM030,M-MDSC,M-MDSC,32,1.7366305329582907
GSM8546886,GBM035,MCG1,MCG1,463,1.9986733163615673
GSM8546886,GBM035,MCG1,MCG2,463,1.6955336667816747
GSM8546886,GBM035,MCG1,MCG3,463,0.8203811341210868
GSM8546886,GBM035,MCG1,MCG4,463,0.8680599838246309
GSM8546886,GBM035,MCG1,MCG5,463,1.1318523353728116
GSM8546886,GBM035,MCG1,MAC1,463,0.8139354908120628
GSM8546886,GBM035,MCG1,MAC2,463,1.1356569576327349
GSM8546886,GBM035,MCG1,E-MDSC,463,0.6440134263316964
GSM8546886,GBM035,MCG1,M-MDSC,463,0.5245130607942783
GSM8546886,GBM035,MCG2,MCG1,124,1.4578351262527678
GSM8546886,GBM035,MCG2,MCG2,124,1.7137134178516593
GSM8546886,GBM035,MCG2,MCG3,124,0.7349548476592613
GSM8546886,GBM035,MCG2,MCG4,124,0.8202675225207672
GSM8546886,GBM035,MCG2,MCG5,124,1.0196809557090747
GSM8546886,GBM035,MCG2,MAC1,124,0.7255872344293082
GSM8546886,GBM035,MCG2,MAC2,124,0.941705514246948
GSM8546886,GBM035,MCG2,E-MDSC,124,0.6453292900710849
GSM8546886,GBM035,MCG2,M-MDSC,124,0.4832823674524984
GSM8546886,GBM035,MCG4,MCG1,34,0.6703481380345107
GSM8546886,GBM035,MCG4,MCG2,34,0.9938748858686232
GSM8546886,GBM035,MCG4,MCG3,34,0.8687936686222849
GSM8546886,GBM035,MCG4,MCG4,34,1.499277135613124
GSM8546886,GBM035,MCG4,MCG5,34,1.13681255284972
GSM8546886,GBM035,MCG4,MAC1,34,0.6854723208068145
GSM8546886,GBM035,MCG4,MAC2,34,0.5855522505893669
GSM8546886,GBM035,MCG4,E-MDSC,34,0.7258344276929558
GSM8546886,GBM035,MCG4,M-MDSC,34,0.7357407703119165
GSM8546886,GBM035,MCG5,MCG1,31,1.027419173186459
GSM8546886,GBM035,MCG5,MCG2,31,1.2481868128235765
GSM8546886,GBM035,MCG5,MCG3,31,0.8156628164339238
GSM8546886,GBM035,MCG5,MCG4,31,0.9923993410832461
GSM8546886,GBM035,MCG5,MCG5,31,1.652545632337212
GSM8546886,GBM035,MCG5,MAC1,31,0.8282228178041616
GSM8546886,GBM035,MCG5,MAC2,31,0.7181059052336864
GSM8546886,GBM035,MCG5,E-MDSC,31,1.126897376174584
GSM8546886,GBM035,MCG5,M-MDSC,31,0.6988576589092131
GSM8546886,GBM035,E-MDSC,MCG1,65,0.9792404061621364
GSM8546886,GBM035,E-MDSC,MCG2,65,0.9934713544816359
GSM8546886,GBM035,E-MDSC,MCG3,65,0.4165658266279433
GSM8546886,GBM035,E-MDSC,MCG4,65,0.5328290064642087
GSM8546886,GBM035,E-MDSC,MCG5,65,1.324442304901841
GSM8546886,GBM035,E-MDSC,MAC1,65,0.47577917358369
GSM8546886,GBM035,E-MDSC,MAC2,65,0.5270866747686653
GSM8546886,GBM035,E-MDSC,E-MDSC,65,1.893584339063843
GSM8546886,GBM035,E-MDSC,M-MDSC,65,1.0508808902593758
GSM8546887,GBM036,MCG1,MCG1,96,2.157122489980289
GSM8546887,GBM036,MCG1,MCG2,96,1.815412938761428
GSM8546887,GBM036,MCG1,MCG3,96,0.9300061119485785
GSM8546887,GBM036,MCG1,MCG4,96,0.9407826099288199
GSM8546887,GBM036,MCG1,MCG5,96,1.1562826777375486
GSM8546887,GBM036,MCG1,MAC1,96,0.7202177856087201
GSM8546887,GBM036,MCG1,MAC2,96,1.6310717520448896
GSM8546887,GBM036,MCG1,E-MDSC,96,0.6888097492942018
GSM8546887,GBM036,MCG1,M-MDSC,96,0.3223855074577861
GSM8546887,GBM036,MCG2,MCG1,112,1.4295519439298279
GSM8546887,GBM036,MCG2,MCG2,112,1.861031783094803
GSM8546887,GBM036,MCG2,MCG3,112,0.9211894732429868
GSM8546887,GBM036,MCG2,MCG4,112,0.8970275858698314
GSM8546887,GBM036,MCG2,MCG5,112,1.1519075944537747
GSM8546887,GBM036,MCG2,MAC1,112,0.6580536115823722
GSM8546887,GBM036,MCG2,MAC2,112,1.3693446652378356
GSM8546887,GBM036,MCG2,E-MDSC,112,0.6647648209610403
GSM8546887,GBM036,MCG2,M-MDSC,112,0.2188954529591969
GSM8546887,GBM036,MAC2,MCG1,69,1.703926498736901
GSM8546887,GBM036,MAC2,MCG2,69,1.7328909297941726
GSM8546887,GBM036,MAC2,MCG3,69,0.8939214000302621
GSM8546887,GBM036,MAC2,MCG4,69,1.2364483061556377
GSM8546887,GBM036,MAC2,MCG5,69,1.1184251051721006
GSM8546887,GBM036,MAC2,MAC1,69,0.865361575500499
GSM8546887,GBM036,MAC2,MAC2,69,2.2305462505506433
GSM8546887,GBM036,MAC2,E-MDSC,69,0.8400856547467449
GSM8546887,GBM036,MAC2,M-MDSC,69,0.8366877710646476
GSM8546887,GBM036,M-MDSC,MCG1,45,0.926770431881859
GSM8546887,GBM036,M-MDSC,MCG2,45,1.086725937323278
GSM8546887,GBM036,M-MDSC,MCG3,45,0.04113198812508288
GSM8546887,GBM036,M-MDSC,MCG4,45,0.469156535720905
GSM8546887,GBM036,M-MDSC,MCG5,45,0.7819134030456815
GSM8546887,GBM036,M-MDSC,MAC1,45,0.09485092259357937
GSM8546887,GBM036,M-MDSC,MAC2,45,1.1808652314080132
GSM8546887,GBM036,M-MDSC,E-MDSC,45,1.1996301338182707
GSM8546887,GBM036,M-MDSC,M-MDSC,45,1.972464139020001
GSM8546888,GBM037,MCG1,MCG1,238,1.958278753069776
GSM8546888,GBM037,MCG1,MCG2,238,1.7276578800073799
GSM8546888,GBM037,MCG1,MCG3,238,0.6723473738652086
GSM8546888,GBM037,MCG1,MCG4,238,1.058041753298351
GSM8546888,GBM037,MCG1,MCG5,238,1.0503333272886073
GSM8546888,GBM037,MCG1,MAC1,238,0.7965615543844473
GSM8546888,GBM037,MCG1,MAC2,238,1.5991040840002426
GSM8546888,GBM037,MCG1,E-MDSC,238,0.715525183559792
GSM8546888,GBM037,MCG1,M-MDSC,238,0.4708635862868707
GSM8546888,GBM037,MCG2,MCG1,137,1.5373952028999758
GSM8546888,GBM037,MCG2,MCG2,137,1.8020519618132562
GSM8546888,GBM037,MCG2,MCG3,137,0.6993010079414307
GSM8546888,GBM037,MCG2,MCG4,137,1.1310495731425871
GSM8546888,GBM037,MCG2,MCG5,137,1.1579362951765937
GSM8546888,GBM037,MCG2,MAC1,137,0.8062693900301643
GSM8546888,GBM037,MCG2,MAC2,137,1.4799107087573509
GSM8546888,GBM037,MCG2,E-MDSC,137,0.7346623437497581
GSM8546888,GBM037,MCG2,M-MDSC,137,0.4253455840178069
GSM8546888,GBM037,MAC2,MCG1,347,1.3263052442633396
GSM8546888,GBM037,MAC2,MCG2,347,1.5702538856078276
GSM8546888,GBM037,MAC2,MCG3,347,0.5864130660937177
GSM8546888,GBM037,MAC2,MCG4,347,1.2029299958180513
GSM8546888,GBM037,MAC2,MCG5,347,0.9995963497898734
GSM8546888,GBM037,MAC2,MAC1,347,0.8305199902170224
GSM8546888,GBM037,MAC2,MAC2,347,2.1590731519607615
GSM8546888,GBM037,MAC2,E-MDSC,347,0.8234474162453769
GSM8546888,GBM037,MAC2,M-MDSC,347,0.94395372898045
GSM8546889,GBM043,MCG1,MCG1,808,1.7400846753351984
GSM8546889,GBM043,MCG1,MCG2,808,1.3551768334369612
GSM8546889,GBM043,MCG1,MCG3,808,0.9367725090362845
GSM8546889,GBM043,MCG1,MCG4,808,0.8914147146948402
GSM8546889,GBM043,MCG1,MCG5,808,1.082258578665095
GSM8546889,GBM043,MCG1,MAC1,808,0.7102612053162665
GSM8546889,GBM043,MCG1,MAC2,808,1.1904435699850884
GSM8546889,GBM043,MCG1,E-MDSC,808,0.7199610216376865
GSM8546889,GBM043,MCG1,M-MDSC,808,0.6966137800644951
GSM8546889,GBM043,MCG2,MCG1,241,1.2623728290091292
GSM8546889,GBM043,MCG2,MCG2,241,1.5161190839654448
GSM8546889,GBM043,MCG2,MCG3,241,0.9065348454519812
GSM8546889,GBM043,MCG2,MCG4,241,0.7802787718461897
GSM8546889,GBM043,MCG2,MCG5,241,0.9330031414439872
GSM8546889,GBM043,MCG2,MAC1,241,0.6396146639091213
GSM8546889,GBM043,MCG2,MAC2,241,0.9608733824989293
GSM8546889,GBM043,MCG2,E-MDSC,241,0.5008454521164177
GSM8546889,GBM043,MCG2,M-MDSC,241,0.43495338865712424
GSM8546889,GBM043,MCG4,MCG1,46,0.9653490883963449
GSM8546889,GBM043,MCG4,MCG2,46,1.0509379529635718
GSM8546889,GBM043,MCG4,MCG3,46,1.049439733800105
GSM8546889,GBM043,MCG4,MCG4,46,1.4270698933534636
GSM8546889,GBM043,MCG4,MCG5,46,1.0895689878708275
GSM8546889,GBM043,MCG4,MAC1,46,0.6708820958658341
GSM8546889,GBM043,MCG4,MAC2,46,0.8476777745800999
GSM8546889,GBM043,MCG4,E-MDSC,46,0.7842837623927904
GSM8546889,GBM043,MCG4,M-MDSC,46,0.792034135299193
GSM8546889,GBM043,MCG5,MCG1,117,1.1445758016894498
GSM8546889,GBM043,MCG5,MCG2,117,1.198079310165996
GSM8546889,GBM043,MCG5,MCG3,117,0.9898081334794234
GSM8546889,GBM043,MCG5,MCG4,117,0.999649144805084
GSM8546889,GBM043,MCG5,MCG5,117,1.5565756608748578
GSM8546889,GBM043,MCG5,MAC1,117,0.7315532054109873
GSM8546889,GBM043,MCG5,MAC2,117,0.8511104892739607
GSM8546889,GBM043,MCG5,E-MDSC,117,1.0788257607287606
GSM8546889,GBM043,MCG5,M-MDSC,117,0.7322234782349739
GSM8546889,GBM043,MAC2,MCG1,41,1.4721150122453115
GSM8546889,GBM043,MAC2,MCG2,41,1.4147066098387917
GSM8546889,GBM043,MAC2,MCG3,41,0.9653889136068867
GSM8546889,GBM043,MAC2,MCG4,41,1.0492576838086392
GSM8546889,GBM043,MAC2,MCG5,41,1.019205460181603
GSM8546889,GBM043,MAC2,MAC1,41,0.7550637100510197
GSM8546889,GBM043,MAC2,MAC2,41,1.6759075101357606
GSM8546889,GBM043,MAC2,E-MDSC,41,0.6269822707508816
GSM8546889,GBM043,MAC2,M-MDSC,41,0.8151622192923337
GSM8546889,GBM043,E-MDSC,MCG1,301,0.8417902725290939
GSM8546889,GBM043,E-MDSC,MCG2,301,0.5715275473521501
GSM8546889,GBM043,E-MDSC,MCG3,301,0.4067768173791597
GSM8546889,GBM043,E-MDSC,MCG4,301,0.3540516839693255
GSM8546889,GBM043,E-MDSC,MCG5,301,0.9641592355549908
GSM8546889,GBM043,E-MDSC,MAC1,301,0.39932181499792785
GSM8546889,GBM043,E-MDSC,MAC2,301,0.582025748622702
GSM8546889,GBM043,E-MDSC,E-MDSC,301,1.5493877772403828
GSM8546889,GBM043,E-MDSC,M-MDSC,301,1.0811801407009416
GSM8546889,GBM043,M-MDSC,MCG1,125,0.9582578373500279
GSM8546889,GBM043,M-MDSC,MCG2,125,0.723064282623227
GSM8546889,GBM043,M-MDSC,MCG3,125,0.4552216648674012
GSM8546889,GBM043,M-MDSC,MCG4,125,0.6119118810365681
GSM8546889,GBM043,M-MDSC,MCG5,125,0.8857122335678492
GSM8546889,GBM043,M-MDSC,MAC1,125,0.3828007024997618
GSM8546889,GBM043,M-MDSC,MAC2,125,0.8025801250110974
GSM8546889,GBM043,M-MDSC,E-MDSC,125,1.122967551091674
GSM8546889,GBM043,M-MDSC,M-MDSC,125,1.5690612322126114
GSM8546891,GBM046,MCG1,MCG1,66,2.0808075943600453
GSM8546891,GBM046,MCG1,MCG2,66,1.7544869665574316
GSM8546891,GBM046,MCG1,MCG3,66,0.4232647076417884
GSM8546891,GBM046,MCG1,MCG4,66,0.8930890377514039
GSM8546891,GBM046,MCG1,MCG5,66,1.0921655592292245
GSM8546891,GBM046,MCG1,MAC1,66,0.6871556958574642
GSM8546891,GBM046,MCG1,MAC2,66,1.4378205020787063
GSM8546891,GBM046,MCG1,E-MDSC,66,0.8513399248033815
GSM8546891,GBM046,MCG1,M-MDSC,66,0.4573694319797285
GSM8546891,GBM046,MCG2,MCG1,262,0.9110239795875771
GSM8546891,GBM046,MCG2,MCG2,262,1.5255352108663143
GSM8546891,GBM046,MCG2,MCG3,262,0.42913834050760774
GSM8546891,GBM046,MCG2,MCG4,262,0.7017392143855055
GSM8546891,GBM046,MCG2,MCG5,262,0.6640472821606934
GSM8546891,GBM046,MCG2,MAC1,262,0.503708399783467
GSM8546891,GBM046,MCG2,MAC2,262,0.8876928164702437
GSM8546891,GBM046,MCG2,E-MDSC,262,0.49173823097990976
GSM8546891,GBM046,MCG2,M-MDSC,262,0.17307446975971907
GSM8546891,GBM046,MCG4,MCG1,79,0.2551120927618521
GSM8546891,GBM046,MCG4,MCG2,79,0.8687135795285144
GSM8546891,GBM046,MCG4,MCG3,79,0.8276235454238874
GSM8546891,GBM046,MCG4,MCG4,79,1.3229028787650607
GSM8546891,GBM046,MCG4,MCG5,79,0.8023579469635594
GSM8546891,GBM046,MCG4,MAC1,79,0.6851311562547648
GSM8546891,GBM046,MCG4,MAC2,79,0.7558381286634934
GSM8546891,GBM046,MCG4,E-MDSC,79,0.39162611945140086
GSM8546891,GBM046,MCG4,M-MDSC,79,0.04961299857761286
GSM8546891,GBM046,MCG5,MCG1,71,0.4372200994169085
GSM8546891,GBM046,MCG5,MCG2,71,1.1088020997587904
GSM8546891,GBM046,MCG5,MCG3,71,0.6961280986923195
GSM8546891,GBM046,MCG5,MCG4,71,1.1560945981491888
GSM8546891,GBM046,MCG5,MCG5,71,1.6229366667221587
GSM8546891,GBM046,MCG5,MAC1,71,0.7162462219917484
GSM8546891,GBM046,MCG5,MAC2,71,0.7311889699978004
GSM8546891,GBM046,MCG5,E-MDSC,71,0.8084484832106962
GSM8546891,GBM046,MCG5,M-MDSC,71,0.1748435087942741
GSM8546892,GBM048,MCG1,MCG1,393,1.892302571015547
GSM8546892,GBM048,MCG1,MCG2,393,1.5822284291527766
GSM8546892,GBM048,MCG1,MCG3,393,0.666896286994681
GSM8546892,GBM048,MCG1,MCG4,393,0.9637080426012175
GSM8546892,GBM048,MCG1,MCG5,393,1.024270405302195
GSM8546892,GBM048,MCG1,MAC1,393,0.6411821383529903
GSM8546892,GBM048,MCG1,MAC2,393,1.2620319435499112
GSM8546892,GBM048,MCG1,E-MDSC,393,0.8523763650176249
GSM8546892,GBM048,MCG1,M-MDSC,393,0.5718944607410202
GSM8546892,GBM048,MCG2,MCG1,418,1.3579811793150558
GSM8546892,GBM048,MCG2,MCG2,418,1.6646385216531274
GSM8546892,GBM048,MCG2,MCG3,418,0.6144861217228748
GSM8546892,GBM048,MCG2,MCG4,418,0.8800955631432867
GSM8546892,GBM048,MCG2,MCG5,418,1.0323643042503143
GSM8546892,GBM048,MCG2,MAC1,418,0.5757752503078983
GSM8546892,GBM048,MCG2,MAC2,418,0.9735491448069087
GSM8546892,GBM048,MCG2,E-MDSC,418,0.7639732049324954
GSM8546892,GBM048,MCG2,M-MDSC,418,0.4016431862009932
GSM8546892,GBM048,MCG3,MCG1,39,0.5803216418464144
GSM8546892,GBM048,MCG3,MCG2,39,0.7664014493864372
GSM8546892,GBM048,MCG3,MCG3,39,1.2945797277933575
GSM8546892,GBM048,MCG3,MCG4,39,0.9641474257834692
GSM8546892,GBM048,MCG3,MCG5,39,0.6566200224158748
GSM8546892,GBM048,MCG3,MAC1,39,0.536134686916742
GSM8546892,GBM048,MCG3,MAC2,39,0.530552223808745
GSM8546892,GBM048,MCG3,E-MDSC,39,0.340155650784043
GSM8546892,GBM048,MCG3,M-MDSC,39,0.11479319641441652
GSM8546892,GBM048,MCG4,MCG1,74,0.634099851402746
GSM8546892,GBM048,MCG4,MCG2,74,0.8309491623390663
GSM8546892,GBM048,MCG4,MCG3,74,1.0214385324662196
GSM8546892,GBM048,MCG4,MCG4,74,1.5242838639233502
GSM8546892,GBM048,MCG4,MCG5,74,0.8326174424361621
GSM8546892,GBM048,MCG4,MAC1,74,0.6680643091478063
GSM8546892,GBM048,MCG4,MAC2,74,0.9051499059301544
GSM8546892,GBM048,MCG4,E-MDSC,74,0.5769300833561316
GSM8546892,GBM048,MCG4,M-MDSC,74,0.43921011500607127
GSM8546892,GBM048,E-MDSC,MCG1,191,0.9124420150971604
GSM8546892,GBM048,E-MDSC,MCG2,191,0.7105292193945557
GSM8546892,GBM048,E-MDSC,MCG3,191,0.24388895748996395
GSM8546892,GBM048,E-MDSC,MCG4,191,0.6167893411679186
GSM8546892,GBM048,E-MDSC,MCG5,191,0.8929265376196277
GSM8546892,GBM048,E-MDSC,MAC1,191,0.46745965677018614
GSM8546892,GBM048,E-MDSC,MAC2,191,0.7624041519269654
GSM8546892,GBM048,E-MDSC,E-MDSC,191,1.7790273568441055
GSM8546892,GBM048,E-MDSC,M-MDSC,191,0.9640179645827928
GSM8546893,GBM049,MCG1,MCG1,126,1.5823555600145578
GSM8546893,GBM049,MCG1,MCG2,126,1.326931327643884
GSM8546893,GBM049,MCG1,MCG3,126,0.40450542084028523
GSM8546893,GBM049,MCG1,MCG4,126,0.8594517522949159
GSM8546893,GBM049,MCG1,MCG5,126,0.8955137092959038
GSM8546893,GBM049,MCG1,MAC1,126,0.521755552257358
GSM8546893,GBM049,MCG1,MAC2,126,1.226646780210828
GSM8546893,GBM049,MCG1,E-MDSC,126,0.640567258720465
GSM8546893,GBM049,MCG1,M-MDSC,126,0.7943167801508827
GSM8546893,GBM049,MCG2,MCG1,981,1.1265822604760476
GSM8546893,GBM049,MCG2,MCG2,981,1.6472022983686019
GSM8546893,GBM049,MCG2,MCG3,981,0.534809227239783
GSM8546893,GBM049,MCG2,MCG4,981,1.0406311291270778
GSM8546893,GBM049,MCG2,MCG5,981,1.0018068197495393
GSM8546893,GBM049,MCG2,MAC1,981,0.6930450322616878
GSM8546893,GBM049,MCG2,MAC2,981,1.1872535646508593
GSM8546893,GBM049,MCG2,E-MDSC,981,0.39742593019047434
GSM8546893,GBM049,MCG2,M-MDSC,981,0.6092708941407645
GSM8546893,GBM049,MCG4,MCG1,203,0.7244539254550674
GSM8546893,GBM049,MCG4,MCG2,203,1.2620703221239054
GSM8546893,GBM049,MCG4,MCG3,203,0.7268801986425738
GSM8546893,GBM049,MCG4,MCG4,203,1.652570922776871
GSM8546893,GBM049,MCG4,MCG5,203,1.0862530473196121
GSM8546893,GBM049,MCG4,MAC1,203,0.6812058921314865
GSM8546893,GBM049,MCG4,MAC2,203,1.147304150036403
GSM8546893,GBM049,MCG4,E-MDSC,203,0.553862627751852
GSM8546893,GBM049,MCG4,M-MDSC,203,0.9168802797430254
GSM8546893,GBM049,MAC2,MCG1,150,1.3041369553688762
GSM8546893,GBM049,MAC2,MCG2,150,1.558775190970516
GSM8546893,GBM049,MAC2,MCG3,150,0.5754961039451849
GSM8546893,GBM049,MAC2,MCG4,150,1.2539224484010238
GSM8546893,GBM049,MAC2,MCG5,150,1.043477904557089
GSM8546893,GBM049,MAC2,MAC1,150,0.8037641993428676
GSM8546893,GBM049,MAC2,MAC2,150,1.792985881169637
GSM8546893,GBM049,MAC2,E-MDSC,150,0.502467595477163
GSM8546893,GBM049,MAC2,M-MDSC,150,0.9469221101252239
GSM8546893,GBM049,E-MDSC,MCG1,338,0.6036204619613819
GSM8546893,GBM049,E-MDSC,MCG2,338,0.8070504782287491
GSM8546893,GBM049,E-MDSC,MCG3,338,0.11614311552612033
GSM8546893,GBM049,E-MDSC,MCG4,338,0.5053454300604124
GSM8546893,GBM049,E-MDSC,MCG5,338,0.8777395021550582
GSM8546893,GBM049,E-MDSC,MAC1,338,0.11246842387035683
GSM8546893,GBM049,E-MDSC,MAC2,338,0.6775898881212493
GSM8546893,GBM049,E-MDSC,E-MDSC,338,1.4685729476774885
GSM8546893,GBM049,E-MDSC,M-MDSC,338,0.9529704573958583
GSM8546893,GBM049,M-MDSC,MCG1,131,0.7231090627158997
GSM8546893,GBM049,M-MDSC,MCG2,131,0.9291979804095395
GSM8546893,GBM049,M-MDSC,MCG3,131,0.06123215725390351
GSM8546893,GBM049,M-MDSC,MCG4,131,0.710153743498764
GSM8546893,GBM049,M-MDSC,MCG5,131,0.8334007941077138
GSM8546893,GBM049,M-MDSC,MAC1,131,0.13386969884328223
GSM8546893,GBM049,M-MDSC,MAC2,131,1.0277059402174622
GSM8546893,GBM049,M-MDSC,E-MDSC,131,1.0206387539249644
GSM8546893,GBM049,M-MDSC,M-MDSC,131,1.536889609154854
GSM8546894,GBM050,MCG1,MCG1,1583,1.926158903023147
GSM8546894,GBM050,MCG1,MCG2,1583,1.5593520562495329
GSM8546894,GBM050,MCG1,MCG3,1583,0.946288246067899
GSM8546894,GBM050,MCG1,MCG4,1583,0.5973307344009161
GSM8546894,GBM050,MCG1,MCG5,1583,1.0291347208095618
GSM8546894,GBM050,MCG1,MAC1,1583,0.7197535134931049
GSM8546894,GBM050,MCG1,MAC2,1583,0.46545194240087306
GSM8546894,GBM050,MCG1,E-MDSC,1583,0.6941568716609194
GSM8546894,GBM050,MCG1,M-MDSC,1583,0.3776045565581066
GSM8546894,GBM050,MCG2,MCG1,422,1.3325775806695608
GSM8546894,GBM050,MCG2,MCG2,422,1.5571568533457654
GSM8546894,GBM050,MCG2,MCG3,422,0.8653401990097532
GSM8546894,GBM050,MCG2,MCG4,422,0.3659906327078612
GSM8546894,GBM050,MCG2,MCG5,422,0.8371395102571398
GSM8546894,GBM050,MCG2,MAC1,422,0.5026999561835347
GSM8546894,GBM050,MCG2,MAC2,422,0.18024595029546187
GSM8546894,GBM050,MCG2,E-MDSC,422,0.5601898657385974
GSM8546894,GBM050,MCG2,M-MDSC,422,0.2492103616222386
GSM8546894,GBM050,MCG3,MCG1,49,0.8749867849655819
GSM8546894,GBM050,MCG3,MCG2,49,1.0119274947128458
GSM8546894,GBM050,MCG3,MCG3,49,1.550679515916474
GSM8546894,GBM050,MCG3,MCG4,49,0.7272498178537226
GSM8546894,GBM050,MCG3,MCG5,49,0.8247717570579657
GSM8546894,GBM050,MCG3,MAC1,49,0.7413888568896709
GSM8546894,GBM050,MCG3,MAC2,49,0.04567074354003078
GSM8546894,GBM050,MCG3,E-MDSC,49,0.3569496767302764
GSM8546894,GBM050,MCG3,M-MDSC,49,0.11452343655605705
GSM8546894,GBM050,MCG5,MCG1,46,1.2723110921634648
GSM8546894,GBM050,MCG5,MCG2,46,1.3268256837217065
GSM8546894,GBM050,MCG5,MCG3,46,1.075965262150419
GSM8546894,GBM050,MCG5,MCG4,46,0.7470484197084266
GSM8546894,GBM050,MCG5,MCG5,46,1.6079723074665824
GSM8546894,GBM050,MCG5,MAC1,46,0.8290911104861749
GSM8546894,GBM050,MCG5,MAC2,46,0.22551880712094513
GSM8546894,GBM050,MCG5,E-MDSC,46,0.9244942965665232
GSM8546894,GBM050,MCG5,M-MDSC,46,0.35650377466367644
GSM8546894,GBM050,MAC1,MCG1,35,1.177718826761051
GSM8546894,GBM050,MAC1,MCG2,35,1.2119488910630491
GSM8546894,GBM050,MAC1,MCG3,35,0.9745058162628658
GSM8546894,GBM050,MAC1,MCG4,35,0.818305964597624
GSM8546894,GBM050,MAC1,MCG5,35,0.9824249629564393
GSM8546894,GBM050,MAC1,MAC1,35,1.7077716346014113
GSM8546894,GBM050,MAC1,MAC2,35,0.40145847638448084
GSM8546894,GBM050,MAC1,E-MDSC,35,0.72575544550251
GSM8546894,GBM050,MAC1,M-MDSC,35,0.5064865189961024
GSM8546894,GBM050,E-MDSC,MCG1,228,0.837150698078605
GSM8546894,GBM050,E-MDSC,MCG2,228,0.8014800925814981
GSM8546894,GBM050,E-MDSC,MCG3,228,0.3703504057957647
GSM8546894,GBM050,E-MDSC,MCG4,228,0.4075037759254438
GSM8546894,GBM050,E-MDSC,MCG5,228,0.9550730771003961
GSM8546894,GBM050,E-MDSC,MAC1,228,0.3133527086292991
GSM8546894,GBM050,E-MDSC,MAC2,228,0.1545502516261318
GSM8546894,GBM050,E-MDSC,E-MDSC,228,1.6802109948365764
GSM8546894,GBM050,E-MDSC,M-MDSC,228,1.077015652173444
GSM8546894,GBM050,M-MDSC,MCG1,79,1.0765592588869617
GSM8546894,GBM050,M-MDSC,MCG2,79,0.8123168893178405
GSM8546894,GBM050,M-MDSC,MCG3,79,0.105844903750091
GSM8546894,GBM050,M-MDSC,MCG4,79,0.2632484528582989
GSM8546894,GBM050,M-MDSC,MCG5,79,0.8042626492790678
GSM8546894,GBM050,M-MDSC,MAC1,79,0.21610001957222524
GSM8546894,GBM050,M-MDSC,MAC2,79,0.404825525243574
GSM8546894,GBM050,M-MDSC,E-MDSC,79,1.3756475229380558
GSM8546894,GBM050,M-MDSC,M-MDSC,79,1.9601471591901178
GSM8546895,GBM051,MCG1,MCG1,524,2.04945437935827
GSM8546895,GBM051,MCG1,MCG2,524,1.768136481385708
GSM8546895,GBM051,MCG1,MCG3,524,0.529345144983165
GSM8546895,GBM051,MCG1,MCG4,524,1.0153317287035262
GSM8546895,GBM051,MCG1,MCG5,524,1.1956606764186235
GSM8546895,GBM051,MCG1,MAC1,524,0.7419142643716142
GSM8546895,GBM051,MCG1,MAC2,524,1.6434554453288401
GSM8546895,GBM051,MCG1,E-MDSC,524,0.7505077847228196
GSM8546895,GBM051,MCG1,M-MDSC,524,0.5058468865696104
GSM8546895,GBM051,MCG2,MCG1,786,1.512549099665806
GSM8546895,GBM051,MCG2,MCG2,786,1.887273034464605
GSM8546895,GBM051,MCG2,MCG3,786,0.5477305569221713
GSM8546895,GBM051,MCG2,MCG4,786,0.9317043682469869
GSM8546895,GBM051,MCG2,MCG5,786,1.1781598462328031
GSM8546895,GBM051,MCG2,MAC1,786,0.747343894789281
GSM8546895,GBM051,MCG2,MAC2,786,1.4137019910328747
GSM8546895,GBM051,MCG2,E-MDSC,786,0.6158399147998702
GSM8546895,GBM051,MCG2,M-MDSC,786,0.26876661418351816
GSM8546895,GBM051,MCG5,MCG1,78,1.3171103490498555
GSM8546895,GBM051,MCG5,MCG2,78,1.6134796804590703
GSM8546895,GBM051,MCG5,MCG3,78,0.5563080489350309
GSM8546895,GBM051,MCG5,MCG4,78,1.068179319519253
GSM8546895,GBM051,MCG5,MCG5,78,1.9249447397563608
GSM8546895,GBM051,MCG5,MAC1,78,0.7479045891014598
GSM8546895,GBM051,MCG5,MAC2,78,1.2821718950238898
GSM8546895,GBM051,MCG5,E-MDSC,78,1.0840035784233915
GSM8546895,GBM051,MCG5,M-MDSC,78,0.450099850577167
GSM8546895,GBM051,MAC1,MCG1,60,1.4718595827606331
GSM8546895,GBM051,MAC1,MCG2,60,1.571750709066364
GSM8546895,GBM051,MAC1,MCG3,60,0.5874240541524773
GSM8546895,GBM051,MAC1,MCG4,60,1.0024584252840856
GSM8546895,GBM051,MAC1,MCG5,60,1.1647291867023573
GSM8546895,GBM051,MAC1,MAC1,60,2.1326424027717823
GSM8546895,GBM051,MAC1,MAC2,60,1.628234654849755
GSM8546895,GBM051,MAC1,E-MDSC,60,0.6421334528861665
GSM8546895,GBM051,MAC1,M-MDSC,60,0.38313431681527044
GSM8546895,GBM051,MAC2,MCG1,675,1.7287543929239029
GSM8546895,GBM051,MAC2,MCG2,675,1.7880597254821644
GSM8546895,GBM051,MAC2,MCG3,675,0.5822053963572114
GSM8546895,GBM051,MAC2,MCG4,675,1.2393282740863174
GSM8546895,GBM051,MAC2,MCG5,675,1.1871496581896452
GSM8546895,GBM051,MAC2,MAC1,675,0.9000551637788434
GSM8546895,GBM051,MAC2,MAC2,675,2.0568386095806965
GSM8546895,GBM051,MAC2,E-MDSC,675,0.7045752156032746
GSM8546895,GBM051,MAC2,M-MDSC,675,0.5356069072016963
GSM8546895,GBM051,E-MDSC,MCG1,79,1.2319339191562817
GSM8546895,GBM051,E-MDSC,MCG2,79,1.1964661777632124
GSM8546895,GBM051,E-MDSC,MCG3,79,0.15144241459445648
GSM8546895,GBM051,E-MDSC,MCG4,79,0.6818432428976798
GSM8546895,GBM051,E-MDSC,MCG5,79,1.346461153703092
GSM8546895,GBM051,E-MDSC,MAC1,79,0.48911797090137465
GSM8546895,GBM051,E-MDSC,MAC2,79,1.2231769010923201
GSM8546895,GBM051,E-MDSC,E-MDSC,79,1.9393460996747225
GSM8546895,GBM051,E-MDSC,M-MDSC,79,0.9985080475948028
GSM8546896,GBM052,MCG1,MCG1,269,1.9884719333152348
GSM8546896,GBM052,MCG1,MCG2,269,1.696960998280314
GSM8546896,GBM052,MCG1,MCG3,269,0.7192980345503287
GSM8546896,GBM052,MCG1,MCG4,269,0.9104078924515622
GSM8546896,GBM052,MCG1,MCG5,269,0.9752067162161289
GSM8546896,GBM052,MCG1,MAC1,269,0.7430938220615272
GSM8546896,GBM052,MCG1,MAC2,269,1.220066230987992
GSM8546896,GBM052,MCG1,E-MDSC,269,0.9241807407001967
GSM8546896,GBM052,MCG1,M-MDSC,269,0.3702645646949683
GSM8546896,GBM052,MCG2,MCG1,533,1.2267590873818461
GSM8546896,GBM052,MCG2,MCG2,533,1.6594599093115732
GSM8546896,GBM052,MCG2,MCG3,533,0.5691095119603119
GSM8546896,GBM052,MCG2,MCG4,533,0.6173656005449328
GSM8546896,GBM052,MCG2,MCG5,533,0.6463491015402109
GSM8546896,GBM052,MCG2,MAC1,533,0.5770275443290923
GSM8546896,GBM052,MCG2,MAC2,533,0.8629122896210646
GSM8546896,GBM052,MCG2,E-MDSC,533,0.705868575475433
GSM8546896,GBM052,MCG2,M-MDSC,533,0.28207372544965875
GSM8546896,GBM052,MCG3,MCG1,33,0.5978094026639863
GSM8546896,GBM052,MCG3,MCG2,33,0.9207996848607849
GSM8546896,GBM052,MCG3,MCG3,33,1.2179827067003977
GSM8546896,GBM052,MCG3,MCG4,33,0.8975829196500562
GSM8546896,GBM052,MCG3,MCG5,33,0.6923208658375046
GSM8546896,GBM052,MCG3,MAC1,33,0.5697749025835481
GSM8546896,GBM052,MCG3,MAC2,33,0.47663718542839373
GSM8546896,GBM052,MCG3,E-MDSC,33,0.4258494653495129
GSM8546896,GBM052,MCG3,M-MDSC,33,0.02384553043047586
GSM8546896,GBM052,MCG5,MCG1,30,0.9923975524902342
GSM8546896,GBM052,MCG5,MCG2,30,1.1473348362307545
GSM8546896,GBM052,MCG5,MCG3,30,0.821450901098138
GSM8546896,GBM052,MCG5,MCG4,30,0.9983663260593157
GSM8546896,GBM052,MCG5,MCG5,30,1.6107548948388979
GSM8546896,GBM052,MCG5,MAC1,30,0.703359070791267
GSM8546896,GBM052,MCG5,MAC2,30,0.7260639404872106
GSM8546896,GBM052,MCG5,E-MDSC,30,1.1348637553788652
GSM8546896,GBM052,MCG5,M-MDSC,30,0.3276363024711609
GSM8546896,GBM052,MAC2,MCG1,47,1.5896769470284418
GSM8546896,GBM052,MAC2,MCG2,47,1.5658467582601567
GSM8546896,GBM052,MAC2,MCG3,47,0.6405772591547534
GSM8546896,GBM052,MAC2,MCG4,47,1.4315448906132513
GSM8546896,GBM052,MAC2,MCG5,47,0.6190428992677433
GSM8546896,GBM052,MAC2,MAC1,47,0.9131886609434746
GSM8546896,GBM052,MAC2,MAC2,47,2.050626379474922
GSM8546896,GBM052,MAC2,E-MDSC,47,0.7657641376537078
GSM8546896,GBM052,MAC2,M-MDSC,47,0.7570403988209178
GSM8546897,GBM054,MCG1,MCG1,94,1.5654390793078574
GSM8546897,GBM054,MCG1,MCG2,94,1.3198425121197623
GSM8546897,GBM054,MCG1,MCG3,94,0.43005846388493046
GSM8546897,GBM054,MCG1,MCG4,94,0.6460459011359254
GSM8546897,GBM054,MCG1,MCG5,94,0.8396558187067727
GSM8546897,GBM054,MCG1,MAC1,94,0.49311861013923364
GSM8546897,GBM054,MCG1,MAC2,94,1.0191140659195637
GSM8546897,GBM054,MCG1,E-MDSC,94,0.8723694620133738
GSM8546897,GBM054,MCG1,M-MDSC,94,0.6164313838112319
GSM8546897,GBM054,MCG2,MCG1,461,1.0033361503123284
GSM8546897,GBM054,MCG2,MCG2,461,1.5250850780027885
GSM8546897,GBM054,MCG2,MCG3,461,0.533703688168474
GSM8546897,GBM054,MCG2,MCG4,461,0.7226424766782973
GSM8546897,GBM054,MCG2,MCG5,461,0.8546153712165365
GSM8546897,GBM054,MCG2,MAC1,461,0.5379421873721332
GSM8546897,GBM054,MCG2,MAC2,461,0.8447298059615522
GSM8546897,GBM054,MCG2,E-MDSC,461,0.7329515135034427
GSM8546897,GBM054,MCG2,M-MDSC,461,0.48514057915388775
GSM8546897,GBM054,MCG4,MCG1,100,0.5336014001028878
GSM8546897,GBM054,MCG4,MCG2,100,1.1567918254644365
GSM8546897,GBM054,MCG4,MCG3,100,0.6906026098463269
GSM8546897,GBM054,MCG4,MCG4,100,1.643470225453338
GSM8546897,GBM054,MCG4,MCG5,100,1.0635176304728886
GSM8546897,GBM054,MCG4,MAC1,100,0.707052542388002
GSM8546897,GBM054,MCG4,MAC2,100,0.9740952624662207
GSM8546897,GBM054,MCG4,E-MDSC,100,0.9071479492612704
GSM8546897,GBM054,MCG4,M-MDSC,100,0.9056381651787531
GSM8546897,GBM054,MCG5,MCG1,189,0.6255226289907339
GSM8546897,GBM054,MCG5,MCG2,189,1.3375374959124562
GSM8546897,GBM054,MCG5,MCG3,189,0.7263718438440687
GSM8546897,GBM054,MCG5,MCG4,189,0.97675884526075
GSM8546897,GBM054,MCG5,MCG5,189,1.7793736568948966
GSM8546897,GBM054,MCG5,MAC1,189,0.6763707165724187
GSM8546897,GBM054,MCG5,MAC2,189,0.8107409854148417
GSM8546897,GBM054,MCG5,E-MDSC,189,1.0819152940309105
GSM8546897,GBM054,MCG5,M-MDSC,189,0.569732579106076
GSM8546897,GBM054,E-MDSC,MCG1,1167,0.4636255216077942
GSM8546897,GBM054,E-MDSC,MCG2,1167,0.812197601406576
GSM8546897,GBM054,E-MDSC,MCG3,1167,0.23317362717392887
GSM8546897,GBM054,E-MDSC,MCG4,1167,0.5744339314599552
GSM8546897,GBM054,E-MDSC,MCG5,1167,0.9703872909121772
GSM8546897,GBM054,E-MDSC,MAC1,1167,0.3821061805758941
GSM8546897,GBM054,E-MDSC,MAC2,1167,0.6705600548724686
GSM8546897,GBM054,E-MDSC,E-MDSC,1167,1.7901235966559095
GSM8546897,GBM054,E-MDSC,M-MDSC,1167,1.0420707402577787
GSM8546897,GBM054,M-MDSC,MCG1,102,0.5933748919878231
GSM8546897,GBM054,M-MDSC,MCG2,102,0.910709489125449
GSM8546897,GBM054,M-MDSC,MCG3,102,-0.008402086221254794
GSM8546897,GBM054,M-MDSC,MCG4,102,0.5467338793221493
GSM8546897,GBM054,M-MDSC,MCG5,102,0.7100446862379155
GSM8546897,GBM054,M-MDSC,MAC1,102,0.2757951205563377
GSM8546897,GBM054,M-MDSC,MAC2,102,0.9783925520771161
GSM8546897,GBM054,M-MDSC,E-MDSC,102,1.3413516532947498
GSM8546897,GBM054,M-MDSC,M-MDSC,102,1.7694959521182334
GSM8546899,GBM056,MCG1,MCG1,288,1.6986355340890782
GSM8546899,GBM056,MCG1,MCG2,288,1.3873434445809683
GSM8546899,GBM056,MCG1,MCG3,288,0.8988532542851235
GSM8546899,GBM056,MCG1,MCG4,288,0.8258203737009432
GSM8546899,GBM056,MCG1,MCG5,288,1.015927786817731
GSM8546899,GBM056,MCG1,MAC1,288,0.6472829370632951
GSM8546899,GBM056,MCG1,MAC2,288,1.2321807562753007
GSM8546899,GBM056,MCG1,E-MDSC,288,0.292696473766479
GSM8546899,GBM056,MCG1,M-MDSC,288,0.32322423405669354
GSM8546899,GBM056,MCG2,MCG1,148,1.0857532473666018
GSM8546899,GBM056,MCG2,MCG2,148,1.3660199647720046
GSM8546899,GBM056,MCG2,MCG3,148,0.6616353162219216
GSM8546899,GBM056,MCG2,MCG4,148,0.5547422835457111
GSM8546899,GBM056,MCG2,MCG5,148,0.7652450693298744
GSM8546899,GBM056,MCG2,MAC1,148,0.5165930271596164
GSM8546899,GBM056,MCG2,MAC2,148,0.9281545602630925
GSM8546899,GBM056,MCG2,E-MDSC,148,0.250529625020901
GSM8546899,GBM056,MCG2,M-MDSC,148,0.31440059718784985
GSM8546899,GBM056,MCG4,MCG1,111,0.8465159870738483
GSM8546899,GBM056,MCG4,MCG2,111,0.9979330268525707
GSM8546899,GBM056,MCG4,MCG3,111,0.9750659629317736
GSM8546899,GBM056,MCG4,MCG4,111,1.6732390324542166
GSM8546899,GBM056,MCG4,MCG5,111,1.1686989130727767
GSM8546899,GBM056,MCG4,MAC1,111,0.7961647444181854
GSM8546899,GBM056,MCG4,MAC2,111,1.2635082894975356
GSM8546899,GBM056,MCG4,E-MDSC,111,0.43748440803580174
GSM8546899,GBM056,MCG4,M-MDSC,111,0.7297582827387631
GSM8546899,GBM056,MCG5,MCG1,108,0.9606186309188763
GSM8546899,GBM056,MCG5,MCG2,108,0.9544437421998194
GSM8546899,GBM056,MCG5,MCG3,108,0.757911106745402
GSM8546899,GBM056,MCG5,MCG4,108,1.0548216547198759
GSM8546899,GBM056,MCG5,MCG5,108,1.6089542554369212
GSM8546899,GBM056,MCG5,MAC1,108,0.5968176443880968
GSM8546899,GBM056,MCG5,MAC2,108,1.0525351169374253
GSM8546899,GBM056,MCG5,E-MDSC,108,1.0481020382784922
GSM8546899,GBM056,MCG5,M-MDSC,108,0.9136815914695646
GSM8546899,GBM056,MAC2,MCG1,113,1.2482422220300031
GSM8546899,GBM056,MAC2,MCG2,113,1.2382035780650995
GSM8546899,GBM056,MAC2,MCG3,113,0.9335391991539338
GSM8546899,GBM056,MAC2,MCG4,113,1.263814077556517
GSM8546899,GBM056,MAC2,MCG5,113,1.053201276357969
GSM8546899,GBM056,MAC2,MAC1,113,0.8290983793892575
GSM8546899,GBM056,MAC2,MAC2,113,1.772898167579223
GSM8546899,GBM056,MAC2,E-MDSC,113,0.36062187831045855
GSM8546899,GBM056,MAC2,M-MDSC,113,0.6172090030208803
GSM8546899,GBM056,E-MDSC,MCG1,154,0.7017118736602085
GSM8546899,GBM056,E-MDSC,MCG2,154,0.5402122165230525
GSM8546899,GBM056,E-MDSC,MCG3,154,0.37403100204330164
GSM8546899,GBM056,E-MDSC,MCG4,154,0.676847056609891
GSM8546899,GBM056,E-MDSC,MCG5,154,1.1956408461889338
GSM8546899,GBM056,E-MDSC,MAC1,154,0.34099469888433925
GSM8546899,GBM056,E-MDSC,MAC2,154,0.807351262610712
GSM8546899,GBM056,E-MDSC,E-MDSC,154,1.598548956637756
GSM8546899,GBM056,E-MDSC,M-MDSC,154,1.1497720720860867
GSM8546899,GBM056,M-MDSC,MCG1,140,1.079149648290102
GSM8546899,GBM056,M-MDSC,MCG2,140,0.690171941678372
GSM8546899,GBM056,M-MDSC,MCG3,140,0.14705417111563301
GSM8546899,GBM056,M-MDSC,MCG4,140,0.47118889382704654
GSM8546899,GBM056,M-MDSC,MCG5,140,0.9663950810887877
GSM8546899,GBM056,M-MDSC,MAC1,140,0.23921865499208841
GSM8546899,GBM056,M-MDSC,MAC2,140,1.0969764966737654
GSM8546899,GBM056,M-MDSC,E-MDSC,140,1.1032178009978126
GSM8546899,GBM056,M-MDSC,M-MDSC,140,1.7746789760589596
GSM8546900,GBM057,MCG1,MCG1,631,1.982849597851741
GSM8546900,GBM057,MCG1,MCG2,631,1.6763686158675688
GSM8546900,GBM057,MCG1,MCG3,631,0.36040886812946815
GSM8546900,GBM057,MCG1,MCG4,631,0.9681836341557764
GSM8546900,GBM057,MCG1,MCG5,631,1.0549052827632905
GSM8546900,GBM057,MCG1,MAC1,631,0.6540018874756318
GSM8546900,GBM057,MCG1,MAC2,631,1.460866900785484
GSM8546900,GBM057,MCG1,E-MDSC,631,0.7631825160974297
GSM8546900,GBM057,MCG1,M-MDSC,631,0.4241086036278593
GSM8546900,GBM057,MCG2,MCG1,716,1.1689228048220566
GSM8546900,GBM057,MCG2,MCG2,716,1.5951204984153056
GSM8546900,GBM057,MCG2,MCG3,716,0.3636182520188073
GSM8546900,GBM057,MCG2,MCG4,716,0.7883960179461516
GSM8546900,GBM057,MCG2,MCG5,716,0.8777082801636574
GSM8546900,GBM057,MCG2,MAC1,716,0.4647086773684058
GSM8546900,GBM057,MCG2,MAC2,716,1.0151625756444878
GSM8546900,GBM057,MCG2,E-MDSC,716,0.5932819677774924
GSM8546900,GBM057,MCG2,M-MDSC,716,0.24126130325834177
GSM8546900,GBM057,MCG4,MCG1,129,0.4138813425756196
GSM8546900,GBM057,MCG4,MCG2,129,0.786221197272319
GSM8546900,GBM057,MCG4,MCG3,129,0.8071883006099994
GSM8546900,GBM057,MCG4,MCG4,129,1.3653025658869467
GSM8546900,GBM057,MCG4,MCG5,129,0.7396776717613233
GSM8546900,GBM057,MCG4,MAC1,129,0.7013443268120253
GSM8546900,GBM057,MCG4,MAC2,129,0.9049637395566463
GSM8546900,GBM057,MCG4,E-MDSC,129,0.4080248596132264
GSM8546900,GBM057,MCG4,M-MDSC,129,0.19250071142070976
GSM8546900,GBM057,MAC1,MCG1,51,0.5849779985643346
GSM8546900,GBM057,MAC1,MCG2,51,0.835418817524297
GSM8546900,GBM057,MAC1,MCG3,51,0.7471716079688168
GSM8546900,GBM057,MAC1,MCG4,51,1.1995388548498185
GSM8546900,GBM057,MAC1,MCG5,51,0.9427351700222576
GSM8546900,GBM057,MAC1,MAC1,51,1.8063038848284323
GSM8546900,GBM057,MAC1,MAC2,51,1.0691717616033771
GSM8546900,GBM057,MAC1,E-MDSC,51,0.5976998705535795
GSM8546900,GBM057,MAC1,M-MDSC,51,0.3492037031229805
GSM8546900,GBM057,MAC2,MCG1,176,1.561374392550745
GSM8546900,GBM057,MAC2,MCG2,176,1.5434620516870161
GSM8546900,GBM057,MAC2,MCG3,176,0.34276243136902734
GSM8546900,GBM057,MAC2,MCG4,176,1.21386076646297
GSM8546900,GBM057,MAC2,MCG5,176,0.974459445636412
GSM8546900,GBM057,MAC2,MAC1,176,0.7821728165958312
GSM8546900,GBM057,MAC2,MAC2,176,2.0234797267021833
GSM8546900,GBM057,MAC2,E-MDSC,176,0.8463491094064586
GSM8546900,GBM057,MAC2,M-MDSC,176,0.8623722206462514
GSM8546900,GBM057,E-MDSC,MCG1,52,1.156530710017725
GSM8546900,GBM057,E-MDSC,MCG2,52,1.2422103406357292
GSM8546900,GBM057,E-MDSC,MCG3,52,-0.04796602059342196
GSM8546900,GBM057,E-MDSC,MCG4,52,0.6629639341658999
GSM8546900,GBM057,E-MDSC,MCG5,52,1.0629136450099919
GSM8546900,GBM057,E-MDSC,MAC1,52,0.3440007161811964
GSM8546900,GBM057,E-MDSC,MAC2,52,1.0518544355793114
GSM8546900,GBM057,E-MDSC,E-MDSC,52,1.899415919971322
GSM8546900,GBM057,E-MDSC,M-MDSC,52,0.9046814271119925
GSM8546904,GBM065,MCG1,MCG1,203,1.8266759546023779
GSM8546904,GBM065,MCG1,MCG2,203,1.6358760474611644
GSM8546904,GBM065,MCG1,MCG3,203,0.8014454990485097
GSM8546904,GBM065,MCG1,MCG4,203,0.8229206252723467
GSM8546904,GBM065,MCG1,MCG5,203,0.7748788135664604
GSM8546904,GBM065,MCG1,MAC1,203,0.5894030118154843
GSM8546904,GBM065,MCG1,MAC2,203,1.503091092474511
GSM8546904,GBM065,MCG1,E-MDSC,203,0.642432983200581
GSM8546904,GBM065,MCG1,M-MDSC,203,0.5411656132074754
GSM8546904,GBM065,MCG2,MCG1,1083,1.2821535040758691
GSM8546904,GBM065,MCG2,MCG2,1083,1.8291221577199588
GSM8546904,GBM065,MCG2,MCG3,1083,0.8892194381190213
GSM8546904,GBM065,MCG2,MCG4,1083,0.9131705324161904
GSM8546904,GBM065,MCG2,MCG5,1083,0.8524848338673272
GSM8546904,GBM065,MCG2,MAC1,1083,0.6517997868870232
GSM8546904,GBM065,MCG2,MAC2,1083,1.4457199552611295
GSM8546904,GBM065,MCG2,E-MDSC,1083,0.5646249016154711
GSM8546904,GBM065,MCG2,M-MDSC,1083,0.43206715877377183
GSM8546904,GBM065,MCG3,MCG1,38,0.2283442656959643
GSM8546904,GBM065,MCG3,MCG2,38,0.9209083097952384
GSM8546904,GBM065,MCG3,MCG3,38,1.6008987254984894
GSM8546904,GBM065,MCG3,MCG4,38,1.095057051844277
GSM8546904,GBM065,MCG3,MCG5,38,0.6065931253626606
GSM8546904,GBM065,MCG3,MAC1,38,0.6376768406824307
GSM8546904,GBM065,MCG3,MAC2,38,0.8926777713224142
GSM8546904,GBM065,MCG3,E-MDSC,38,0.2928177357992991
GSM8546904,GBM065,MCG3,M-MDSC,38,0.16218860247543995
GSM8546904,GBM065,MCG4,MCG1,54,0.46978853169744433
GSM8546904,GBM065,MCG4,MCG2,54,1.1176689446217731
GSM8546904,GBM065,MCG4,MCG3,54,1.0477815464788995
GSM8546904,GBM065,MCG4,MCG4,54,1.5937151560846459
GSM8546904,GBM065,MCG4,MCG5,54,0.8804620317108177
GSM8546904,GBM065,MCG4,MAC1,54,0.5968392386638298
GSM8546904,GBM065,MCG4,MAC2,54,1.236492129664325
GSM8546904,GBM065,MCG4,E-MDSC,54,0.794349742080769
GSM8546904,GBM065,MCG4,M-MDSC,54,0.760641638566089
GSM8546904,GBM065,MAC2,MCG1,286,1.3497883726450328
GSM8546904,GBM065,MAC2,MCG2,286,1.6122551559630034
GSM8546904,GBM065,MAC2,MCG3,286,0.8565240141932318
GSM8546904,GBM065,MAC2,MCG4,286,1.139325806534935
GSM8546904,GBM065,MAC2,MCG5,286,0.8863786010296254
GSM8546904,GBM065,MAC2,MAC1,286,0.6987408765118449
GSM8546904,GBM065,MAC2,MAC2,286,1.918210624804315
GSM8546904,GBM065,MAC2,E-MDSC,286,0.7014791903312632
GSM8546904,GBM065,MAC2,M-MDSC,286,0.7804749732734978
GSM8546904,GBM065,E-MDSC,MCG1,458,0.5862822059467364
GSM8546904,GBM065,E-MDSC,MCG2,458,0.7339090603407814
GSM8546904,GBM065,E-MDSC,MCG3,458,0.2930815484430072
GSM8546904,GBM065,E-MDSC,MCG4,458,0.27175383185141894
GSM8546904,GBM065,E-MDSC,MCG5,458,0.590835720905598
GSM8546904,GBM065,E-MDSC,MAC1,458,0.1918965562986231
GSM8546904,GBM065,E-MDSC,MAC2,458,0.6974695133942815
GSM8546904,GBM065,E-MDSC,E-MDSC,458,1.3901910953807612
GSM8546904,GBM065,E-MDSC,M-MDSC,458,0.6908997583731847
GSM8546904,GBM065,M-MDSC,MCG1,50,0.5505949586149934
GSM8546904,GBM065,M-MDSC,MCG2,50,0.9051503640634041
GSM8546904,GBM065,M-MDSC,MCG3,50,0.2670895978079902
GSM8546904,GBM065,M-MDSC,MCG4,50,0.6577657113062853
GSM8546904,GBM065,M-MDSC,MCG5,50,0.7087552603884069
GSM8546904,GBM065,M-MDSC,MAC1,50,0.19151759594446652
GSM8546904,GBM065,M-MDSC,MAC2,50,1.2182372419864316
GSM8546904,GBM065,M-MDSC,E-MDSC,50,1.2641237481987995
GSM8546904,GBM065,M-MDSC,M-MDSC,50,1.768202491944836
GSM8546905,GBM066,MCG1,MCG1,237,1.2174122998980539
GSM8546905,GBM066,MCG1,MCG2,237,0.9417053939175918
GSM8546905,GBM066,MCG1,MCG3,237,0.24633674072761017
GSM8546905,GBM066,MCG1,MCG4,237,0.09152987819650561
GSM8546905,GBM066,MCG1,MCG5,237,0.24998511946151022
GSM8546905,GBM066,MCG1,MAC1,237,0.17824677564292585
GSM8546905,GBM066,MCG1,MAC2,237,0.6547442695762538
GSM8546905,GBM066,MCG1,E-MDSC,237,0.5423890693726781
GSM8546905,GBM066,MCG1,M-MDSC,237,0.44188760021064855
GSM8546905,GBM066,MCG2,MCG1,398,1.0633628768616508
GSM8546905,GBM066,MCG2,MCG2,398,1.4531501052009226
GSM8546905,GBM066,MCG2,MCG3,398,0.5993289270259893
GSM8546905,GBM066,MCG2,MCG4,398,0.4505334391992462
GSM8546905,GBM066,MCG2,MCG5,398,0.5745141363807474
GSM8546905,GBM066,MCG2,MAC1,398,0.3867843213848654
GSM8546905,GBM066,MCG2,MAC2,398,0.7928153248887566
GSM8546905,GBM066,MCG2,E-MDSC,398,0.5504003941064622
GSM8546905,GBM066,MCG2,M-MDSC,398,0.33738192601419575
GSM8546905,GBM066,MCG4,MCG1,95,0.33278257297187125
GSM8546905,GBM066,MCG4,MCG2,95,1.0091268031488814
GSM8546905,GBM066,MCG4,MCG3,95,1.0578165452745225
GSM8546905,GBM066,MCG4,MCG4,95,1.702572288872243
GSM8546905,GBM066,MCG4,MCG5,95,0.8628830575106438
GSM8546905,GBM066,MCG4,MAC1,95,0.7102294805120821
GSM8546905,GBM066,MCG4,MAC2,95,1.0097469570762234
GSM8546905,GBM066,MCG4,E-MDSC,95,0.6177551336796779
GSM8546905,GBM066,MCG4,M-MDSC,95,0.5050572691465679
GSM8546905,GBM066,E-MDSC,MCG1,208,0.5199505557725718
GSM8546905,GBM066,E-MDSC,MCG2,208,0.7901681951987437
GSM8546905,GBM066,E-MDSC,MCG3,208,0.4313394439411469
GSM8546905,GBM066,E-MDSC,MCG4,208,0.48601145252625966
GSM8546905,GBM066,E-MDSC,MCG5,208,0.8627703761795804
GSM8546905,GBM066,E-MDSC,MAC1,208,0.3196255171490852
GSM8546905,GBM066,E-MDSC,MAC2,208,0.59156395896123
GSM8546905,GBM066,E-MDSC,E-MDSC,208,1.5824057295297889
GSM8546905,GBM066,E-MDSC,M-MDSC,208,0.8040103018283844
GSM8546905,GBM066,M-MDSC,MCG1,38,0.8404790224954529
GSM8546905,GBM066,M-MDSC,MCG2,38,0.9321243439072486
GSM8546905,GBM066,M-MDSC,MCG3,38,0.11803946573831886
GSM8546905,GBM066,M-MDSC,MCG4,38,0.27913308976506607
GSM8546905,GBM066,M-MDSC,MCG5,38,0.5420647441295156
GSM8546905,GBM066,M-MDSC,MAC1,38,0.1355120812523556
GSM8546905,GBM066,M-MDSC,MAC2,38,0.9279381043032595
GSM8546905,GBM066,M-MDSC,E-MDSC,38,1.1072430501797836
GSM8546905,GBM066,M-MDSC,M-MDSC,38,1.6134523630142212
GSM8546915,GBM082,MCG2,MCG1,475,0.8962554179472833
GSM8546915,GBM082,MCG2,MCG2,475,1.4930196047886755
GSM8546915,GBM082,MCG2,MCG3,475,0.7255051103542522
GSM8546915,GBM082,MCG2,MCG4,475,0.8155544337634295
GSM8546915,GBM082,MCG2,MCG5,475,1.1091304605538814
GSM8546915,GBM082,MCG2,MAC1,475,0.7684537943682624
GSM8546915,GBM082,MCG2,MAC2,475,0.9140248767788987
GSM8546915,GBM082,MCG2,E-MDSC,475,0.7143084926081806
GSM8546915,GBM082,MCG2,M-MDSC,475,0.30922827731238467
GSM8546915,GBM082,MCG4,MCG1,178,0.27553969344063184
GSM8546915,GBM082,MCG4,MCG2,178,1.034676614482841
GSM8546915,GBM082,MCG4,MCG3,178,0.8045598575132128
GSM8546915,GBM082,MCG4,MCG4,178,1.5690518350528049
GSM8546915,GBM082,MCG4,MCG5,178,1.2169621126416748
GSM8546915,GBM082,MCG4,MAC1,178,0.8938999938902423
GSM8546915,GBM082,MCG4,MAC2,178,0.9647785800301726
GSM8546915,GBM082,MCG4,E-MDSC,178,0.9218237172445605
GSM8546915,GBM082,MCG4,M-MDSC,178,0.7115352420919993
GSM8546915,GBM082,MCG5,MCG1,962,0.5872790945704116
GSM8546915,GBM082,MCG5,MCG2,962,1.1941713698460426
GSM8546915,GBM082,MCG5,MCG3,962,0.7801836269089001
GSM8546915,GBM082,MCG5,MCG4,962,1.0962952265576236
GSM8546915,GBM082,MCG5,MCG5,962,1.6829937990519657
GSM8546915,GBM082,MCG5,MAC1,962,0.9212722862449929
GSM8546915,GBM082,MCG5,MAC2,962,0.9039832123488597
GSM8546915,GBM082,MCG5,E-MDSC,962,0.9413456600722252
GSM8546915,GBM082,MCG5,M-MDSC,962,0.4413535778814113
GSM8546915,GBM082,MAC2,MCG1,66,0.8387226586695835
GSM8546915,GBM082,MAC2,MCG2,66,1.32509311609745
GSM8546915,GBM082,MAC2,MCG3,66,0.7697588184580544
GSM8546915,GBM082,MAC2,MCG4,66,1.2287089644493294
GSM8546915,GBM082,MAC2,MCG5,66,1.0501777087401747
GSM8546915,GBM082,MAC2,MAC1,66,1.002631264295463
GSM8546915,GBM082,MAC2,MAC2,66,1.6897681170771188
GSM8546915,GBM082,MAC2,E-MDSC,66,0.8892035526903771
GSM8546915,GBM082,MAC2,M-MDSC,66,0.7098974785820804
GSM8546915,GBM082,E-MDSC,MCG1,601,0.32036310229556564
GSM8546915,GBM082,E-MDSC,MCG2,601,0.8348255351480987
GSM8546915,GBM082,E-MDSC,MCG3,601,0.34594930374146615
GSM8546915,GBM082,E-MDSC,MCG4,601,0.724309339014238
GSM8546915,GBM082,E-MDSC,MCG5,601,1.2319947281015855
GSM8546915,GBM082,E-MDSC,MAC1,601,0.5451505891119739
GSM8546915,GBM082,E-MDSC,MAC2,601,0.7521393683066919
GSM8546915,GBM082,E-MDSC,E-MDSC,601,1.769909744758744
GSM8546915,GBM082,E-MDSC,M-MDSC,601,1.0241880085402617
GSM8546915,GBM082,M-MDSC,MCG1,33,0.4516785983571415
GSM8546915,GBM082,M-MDSC,MCG2,33,0.8606211921173768
GSM8546915,GBM082,M-MDSC,MCG3,33,0.16564815598304827
GSM8546915,GBM082,M-MDSC,MCG4,33,0.5466055699135501
GSM8546915,GBM082,M-MDSC,MCG5,33,0.9763627458889036
GSM8546915,GBM082,M-MDSC,MAC1,33,0.37991164173228353
GSM8546915,GBM082,M-MDSC,MAC2,33,0.9724191723717943
GSM8546915,GBM082,M-MDSC,E-MDSC,33,1.361553045854635
GSM8546915,GBM082,M-MDSC,M-MDSC,33,1.7979219150864318
